{
	"data": [
		{
			"name": "マクト",
			"address": "NADTPUOFVBDTLJ7REGKGTECTMM4CXJIV7KYF6AUW"
		},
		{
			"name": "のののん",
			"address": "NDJSZQL2TNHJ3GDJO4JCOJALZBIWDXMIFERSFRSQ"
		},
		{
			"name": "やそ",
			"address": "NBA7MUFGNQTLS7JDXTG4WSHJIQXH7ZDSLI52KHFL"
		},
		{
			"name": "えっさん&小梅ちゃん@nemlogコメンテーター",
			"address": "NAAXHJM65OKDFSYGW4XW4EKJXUIRTKEZZWRK45YF"
		},
		{
			"name": "サバトラ",
			"address": "NAYUNIIVBSZTFDKDB5A6J3DIZWZP6W63UCWZTKIW"
		},
		{
			"name": "ヘルミッペ",
			"address": " NB6IM5DWTLCYDEUEM77LWBLMFZJYAKCDTPVJLFGQ"
		},
		{
			"name": "目指せ北海道",
			"address": "NDU667ZJWKPQ6IBJFS3OT7GYYIC54CZS2LRFKAZA"
		},
		{
			"name": "めろんぱん",
			"address": "NCSDXFWETBAS3OEU75SWBDVYYY4K222Y7GEIVWX7"
		},
		{
			"name": "YUTO",
			"address": "NCYKI7M6EITPEYLHG44T272I3FZDJG4J7IRWKJM2"
		},
		{
			"name": "matsuno",
			"address": "NDFSJHCY7ZY3ELWAAUGJ2SOVEQ36RWM45Q2BFZRM"
		},
		{
			"name": "ふんみん",
			"address": "NDVTG53WBPVWGSYIGRETCRNUCAIF5TBY6DJIRWEV"
		},
		{
			"name": "猫さんの下僕ソラネコ",
			"address": "NA4OJQTJQY72D6OI7JP6PXBCZ6XQXEMXPOVR7SJW"
		},
		{
			"name": "りほ",
			"address": "NA263ZQNKYK6HQ64GUCS3I74QXY5MGSITE5SO4W2"
		},
		{
			"name": "うぇんじにあ",
			"address": "NBO6YSQF3XO45JVOVI5ETOZFST2UK3CTZTXSPH77"
		},
		{
			"name": "きなこ",
			"address": "NCEPJUWUJSXZE5AFTOVLK42LC7M3UIELRPQNRLW4"
		},
		{
			"name": "BleRoom",
			"address": "ND5J46SOZ23GOIJ6SYIL4YFK3ZMBIG4KS6C5DJW2"
		},
		{
			"name": "nem好き",
			"address": "NCVKQZJ4ACLC4PMZ2RC22GRF2QNTNJC2FMNF2VWU"
		},
		{
			"name": "ちゃっぴぃ",
			"address": "NBDYD57KPZ2XCDAWUJWVUXX5GA56MHHIJFJTCL65"
		},
		{
			"name": "オーウェン",
			"address": "NDYRIGSE6KWGW7IUPDZ4RPUYN56YQVD6UJQE444W"
		},
		{
			"name": "ぱぶり",
			"address": "NDWVYUZ3I6TABSBPEVSYZ5PIKQAUZZ7X5SPFXIZD"
		},
		{
			"name": "瀬戸乃さくら",
			"address": "NCPN6FANMEL3IPE5G5ZAEUXEOBTGJ4V6YIHEH64K"
		},
		{
			"name": "姉崎あきか",
			"address": "NA65QCGAIP4QBRGI5HG3M2RNZKKGGY6KQ32UAZT3"
		},
		{
			"name": "ZEMZEM🐳nemlog基金理事長",
			"address": "NC2E5LZH6HQ64OYDZ64NYZLHG5NSZH3R4MKJVJA5"
		},
		{
			"name": "shinobu",
			"address": "NDWXGOUEZRI3LSE7ZPBQMIHS7RQMSNNAXLXF7P4C"
		},
		{
			"name": "XEMBook",
			"address": "NAQZ2ABK7KSE2PXWNKAP5OZGLOHILCSISLSMWUMK"
		},
		{
			"name": "kae33",
			"address": "NBIBRJ7BZIFXUVTOLA72PKNYUUYHUKBNQQSIBCWR"
		},
		{
			"name": "kihaku_dol",
			"address": "NCWAX3VB3Z7JPNZNDQYS6IYSXMUMYUOFV7UR64UX"
		},
		{
			"name": "うにやさん",
			"address": "NC7DSSE6QXLCRFDZASVABZ3CRPLXLTACYON7ISLG"
		},
		{
			"name": "ほなねむ",
			"address": "NCAN5MQJHSCMPW5UGQT3TM6Y7E2F77LHXHVI6UCD"
		},
		{
			"name": "（・ω・)",
			"address": "NBYYNCW7LBEI6OUILWGMFDTNF3HEHZFOJOBLQR6E"
		},
		{
			"name": "ねっむ＠のびるラッコ",
			"address": "NC4MFQ55QO5CPYYCBH6BSWAKPM6JT6ODUCDAMD5"
		},
		{
			"name": "恵太郎（X-NEM)",
			"address": "NDPKOYC23SHSBC6O4KZFZ7BTM2BRAXZ4ALRJ573H"
		},
		{
			"name": "かのん＠中身はおっさん",
			"address": "NBPWW5T5IZ3RJ44E5P4E5XAS25TTCJ5EIO2VWELG"
		},
		{
			"name": "mikun",
			"address": "NDXO2PPC6UH6ZCPNVOD563XQ73LNFRCI4BZG3D2Q"
		},
		{
			"name": "applause",
			"address": "NCIVUVMZAH4N7QDCZO2XX5YYF4OVIL3S54OOGA2P"
		},
		{
			"name": "patapiron",
			"address": "NBXOYJJWO4C2P75H6KQESMCATE2FD4LYFAMIVDC6"
		},
		{
			"name": "ねむじん",
			"address": "NCXQBTEM3LGDNRSMCYUAWI7AT3RU2YOPK6RJ7M2K"
		},
		{
			"name": "ぷろんと",
			"address": "NA4CK43VPJKVLFGI2W5P7Q7BSCBW2ZB4VUC2RWYB"
		},
		{
			"name": "ガネーシャ",
			"address": "NCFYYVVDNMMYFPUQX5W7FAWUKGE6DAT2ABIYOOKE"
		},
		{
			"name": "がく",
			"address": "NDPLU56QDME4TS6L4AKFEUCWRDQKLRDBUAY6UBXB"
		},
		{
			"name": "oratamah",
			"address": "NBOTKV6CALO5MAN4L3BOCRJVGCD4324XQW5JORIL"
		},
		{
			"name": "しゅう",
			"address": "NDOEQZR2LR4EPGP5UBOFZVHNYW333UQIQEBZOZLT"
		},
		{
			"name": "7zoesan",
			"address": "NBJNIWYHLCCLT32IQCGHBFUUR5LX6UOFQ3JC4WP2"
		},
		{
			"name": "トレスト",
			"address": "NCOUOHHLAOYYM5JBTJUVEHNJN5VCCQQLGWIBMLEY"
		},
		{
			"name": "狂タヌ尊",
			"address": "NB3YQRCSTUMAW4KS4GNFI4O4DEPSSDLCAYS5GARL"
		},
		{
			"name": "sasuke0025",
			"address": "NBNDKXJVLHAYTJI6YXRSRWTZN27BLPVEJ475NIEG"
		},
		{
			"name": "目指せ北海道",
			"address": "NDU667ZJWKPQ6IBJFS3OT7GYYIC54CZS2LRFKAZA"
		},
		{
			"name": "りほ",
			"address": "NA263ZQNKYK6HQ64GUCS3I74QXY5MGSITE5SO4W2"
		},
		{
			"name": "ワッケ",
			"address": "NDNOV3DOTLRLQZHBDOYE4GDG7NQ3RPPCRY5T66FE"
		},
		{
			"name": "Kumako",
			"address": "NBIL2ZZOBWDVODWHWZGPC7S6OKT5XOY72CUTIPIZ"
		},
		{
			"name": "づ～",
			"address": "NB4RLR45WNNEFZQRYQEPTUCEEEMZOFTQUR4ZORUI"
		},
		{
			"name": "ふかつ",
			"address": "NBX3CQKX6YKPP3ZDKQNKI5YSP7OCIMPFB2VD3UM6"
		},
		{
			"name": "ぷろんと",
			"address": "NA4CK43VPJKVLFGI2W5P7Q7BSCBW2ZB4VUC2RWYB"
		},
		{
			"name": "しおじい",
			"address": "NA7AHTN2OPPL7ZL5DDIXJSCPYPAB6VYNGHAHE4TA"
		},
		{
			"name": "ねむぐま",
			"address": "NDT7QSHVIX375FSKC4OKSPYLNPSE7ZAX3TOHNRPS"
		},
		{
			"name": "マホムンチャ☆ねむぐまや",
			"address": "NB2NYXMESWQ7ZPNKE3QMSREK46EKEGEBLR57M27B"
		},
		{
			"name": "珈琲ねむりや",
			"address": "NDLV6YTH4IAIVW64375VGBOJHEBA3DAFRFAC2IJF"
		},
		{
			"name": "サバトラ",
			"address": "NAYUNIIVBSZTFDKDB5A6J3DIZWZP6W63UCWZTKIW"
		},
		{
			"name": "tom",
			"address": "ND4H6WNEZ4IPWGZ6K37DAEBNG62AKJLGBZYQC6V7"
		},
		{
			"name": "nemHome",
			"address": "NC2O3AUT7Z4JCYE4L5HXGV2XVZR76T4VU6UKVDBD"
		},
		{
			"name": "のむ",
			"address": "NA6TM6EIAQN3Z2TWJVJSFAYFXYQXQY4QYQXZBFWN"
		},
		{
			"name": "K2",
			"address": "ND6MWH54LBY4PU6R4BFZCAVLJBJZUKRVR5L3VRYC"
		},
		{
			"name": "KATAKUNA",
			"address": "NB5Q25TZ3SF2EALSNNTWJRVOKCSACUDNBGUFNOW7"
		},
		{
			"name": "はるきち",
			"address": "NB3Q6S7OU5W6U3IQK6BGGFULKYHWWBY2C6RNJ76V"
		},
		{
			"name": "猫さんの下僕ソラネコ",
			"address": "NA4OJQTJQY72D6OI7JP6PXBCZ6XQXEMXPOVR7SJW"
		},
		{
			"name": "物愚者",
			"address": "ND2KOGE72XLCLU3LRMDDNLTUXFCZ7OW6SBB7J226"
		},
		{
			"name": "快傑Z ",
			"address": "NBAKXVPTWICNCXZNDP5JN6ZZX45DVPUSQGSB7SLF"
		},
		{
			"name": "ボー太郎",
			"address": "NBMDXPTFOYMXFBYYB3E6OCBR7MD7IIH5DOWGQFZ7"
		},
		{
			"name": "食べるサラダ",
			"address": "NAOK6JGDKWMDZHDT6SOBUCRII3FJ6T2WVPMJODBU"
		},
		{
			"name": "taka",
			"address": "NDDHBDHMGTCMT4F573ZF7KC6OGCUVVHOT23GBI65"
		},
		{
			"name": "equal HAKATA",
			"address": "NANPSCSQKJ4KLUJWIM3ODWCQEYNY2SFVQX3XZ2HI"
		},
		{
			"name": "ふんみん",
			"address": "NDVTG53WBPVWGSYIGRETCRNUCAIF5TBY6DJIRWEV"
		},
		{
			"name": "Radio NEMber",
			"address": "NDYYEYWWFNDWNYLQBXBDJ25ZXPFF24XXGFBZKPIS"
		},
		{
			"name": "ちょめじ",
			"address": "NCHASFTMZOUKWQRJLVA66ZMOTDMUDXQ2DIZEZJQ5"
		},
		{
			"name": "クイックネム",
			"address": "NBYRLLE4FRUZAC5EJ6QWBC7HD4LWY66FQHP6MS7M"
		},
		{
			"name": "こめふく＠CoinTheReal",
			"address": "NAT6AEGRJ5KKDD5TLCXL44MRUGXEPFXIWGO6RXWS"
		},
		{
			"name": "鹿目まどか（神様",
			"address": "NC7LGHGYKPGAWBG3MR6Z7BZIQFRT2NSHPKPZIFAL"
		},
		{
			"name": "RIKI",
			"address": "NCSW2GYAUNYPKGY7YBKXIOWUEMYCVUVVL4PECJKM"
		},
		{
			"name": "たみー(復活)",
			"address": "NAECY43VJ26SN2IF4XBPHBWPQW4XNED6COS67PPN"
		},
		{
			"name": "神楽レナ",
			"address": "NDQ2FSMDONVLSHWGCGE72ITMLEYAAUNDTRCC2ISG"
		},
		{
			"name": "伊澄 理夢",
			"address": "NCFSY3ATDCBV5O4T4RTLSGWOM4W53KAENWIJU6I4"
		},
		{
			"name": "Xem応援隊",
			"address": "NDKCTV5OQ6HJD56R3RSBPEDFQU5CXWK6AT72NRUB"
		},
		{
			"name": "BBM-Cody-104",
			"address": "NANC6TDUWRDAG4O6MUD27VUB6WMZYNIK2PXS5SMD"
		},
		{
			"name": "ボウイ",
			"address": "NASF65MY2CTRMKCE75LCQGXOSGDO74A44H4WCCU4"
		},
		{
			"name": "楽たろう",
			"address": "NACWKAYCRGEXUJULVSTRNCCZ2WDJWSUL2YCMQS6N"
		},
		{
			"name": "りゅーげん",
			"address": "NCHUITE7ZPXMOTTXMDE3OSR4ELGSH23UBMRK3SNA"
		},
		{
			"name": "barber Watanabe",
			"address": "NAZA7GH2LXYINWH37ION3U5HK4LLFRLS4LOXW43H"
		},
		{
			"name": "kihaku_dol",
			"address": "NCWAX3VB3Z7JPNZNDQYS6IYSXMUMYUOFV7UR64UX"
		},
		{
			"name": "きなこ",
			"address": "NCEPJUWUJSXZE5AFTOVLK42LC7M3UIELRPQNRLW4"
		},
		{
			"name": "オダイロイド１号",
			"address": "NAXD37XWNWEUM6VVR4COJ7IQYFXSHGD7RA2MKK7Z"
		},
		{
			"name": "すぎなも",
			"address": "NCMLHSWDFJIDGSSPY3PJYWXTFL3D3NHDDRJM3J5S"
		}
	]
}
